"gene","probe_id","logFC_probe_infant","padj_probe_infant","logFC_probe_adol","padj_probe_adol","region_value_infant","region_p_infant","region_fwer_infant","region_value_adol","region_p_adol","region_fwer_adol","rnaseq_log2FC","rnaseq_padj"
"ISG15","cg08469540",-0.267474241571093,0.0382767913354627,-0.379963494163842,0.999996931554574,-0.223242494170824,0.0176013010163359,1,-0.372212083279407,0.00589308864134393,1,-0.925921224779443,0.245340133221632
"ISG15","cg25610492",-0.179010746770556,0.384222661311214,-0.364460672394971,0.999996931554574,-0.223242494170824,0.0176013010163359,1,-0.372212083279407,0.00589308864134393,1,-0.925921224779443,0.245340133221632
"RGS14","cg17509989",0.564924319993499,0.651155922119101,0.586238446693265,0.999996931554574,0.523620034794635,0.000262730804022774,1,0.370302085877607,0.00109517676333422,1,0.247524518954306,0.102146393288622
"RGS14","cg16006841",0.338116020901998,0.727944135660355,0.328972504117234,0.999996931554574,0.523620034794635,0.000262730804022774,1,0.370302085877607,0.00109517676333422,1,0.247524518954306,0.102146393288622
"RGS14","cg06060754",0.667819763488407,0.431957813653343,0.400887438471988,0.999996931554574,0.523620034794635,0.000262730804022774,1,0.370302085877607,0.00109517676333422,1,0.247524518954306,0.102146393288622
"RGS14","cg11598255",-0.0113849084711283,0.973028282482892,0.165109954227942,0.999996931554574,0.523620034794635,0.000262730804022774,1,0.370302085877607,0.00109517676333422,1,0.247524518954306,0.102146393288622
"SUN1","cg21545149",0.266385524701349,0.816668618602717,1.22592890991111,0.999996931554574,0.349593702139369,0.00304725405494309,1,1.0745128632342,2.35728057195522e-05,0.936,0.148147466013103,0.161299962864811
"SUN1","cg05357209",0.432801879577388,0.784953502426486,1.5115040958434,0.999996931554574,0.349593702139369,0.00304725405494309,1,1.0745128632342,2.35728057195522e-05,0.936,0.148147466013103,0.161299962864811
"NINJ2","cg14911689",0.647595924786789,0.565852939743609,0.516168121120894,0.999996931554574,0.685942804323677,1.9047227449292e-05,0.408,0.4937805149726,0.000245578256714697,1,0.196632474341658,0.447357651123489
"NINJ2","cg19692784",0.586362704309987,0.597454918759858,0.674360114936132,0.999996931554574,0.685942804323677,1.9047227449292e-05,0.408,0.4937805149726,0.000245578256714697,1,0.196632474341658,0.447357651123489
"NINJ2","cg05578102",0.635813102279261,0.556911071795481,0.505116641443786,0.999996931554574,0.685942804323677,1.9047227449292e-05,0.408,0.4937805149726,0.000245578256714697,1,0.196632474341658,0.447357651123489
"NINJ2","cg01201512",0.553507123460132,0.679812258139529,0.294038987881964,0.999996931554574,0.685942804323677,1.9047227449292e-05,0.408,0.4937805149726,0.000245578256714697,1,0.196632474341658,0.447357651123489
"NINJ2","cg26654770",1.00643516678222,0.588685909142522,0.479218709480227,0.999996931554574,0.685942804323677,1.9047227449292e-05,0.408,0.4937805149726,0.000245578256714697,1,0.196632474341658,0.447357651123489
